isin,country,expiration_date
DE000C01YSD5,DE,2018-03-08
DE000C01YSE3,DE,2018-03-08
DE000C01YSF0,DE,2018-03-08
DE000C01YSG8,DE,2018-03-08
DE000C09L5G1,DE,2018-06-07
DE000C09L5H9,DE,2018-06-07
DE000C09L5J5,DE,2018-06-07
DE000C09L5K3,DE,2018-06-07
DE000C1J3KW7,DE,2018-09-06
DE000C1J3KX5,DE,2018-09-06
DE000C1J3KY3,DE,2018-09-06
DE000C1J3KZ0,DE,2018-09-06
DE000C16GSR0,DE,2018-12-06
DE000C16GSS8,DE,2018-12-06
DE000C16GST6,DE,2018-12-06
DE000C16GSU4,DE,2018-12-06
DE000C2E8RY1,DE,2019-03-07
DE000C2E8RZ8,DE,2019-03-07
DE000C2E8S07,DE,2019-03-07
DE000C2E8S15,DE,2019-03-07
DE000C2NJHK0,DE,2019-06-06
DE000C2NJHL8,DE,2019-06-06
DE000C2NJHM6,DE,2019-06-06
DE000C2NJHN4,DE,2019-06-06
DE000C220MP5,DE,2019-09-06
DE000C220MQ3,DE,2019-09-06
DE000C220MR1,DE,2019-09-06
DE000C220MS9,DE,2019-09-06
DE000C317NS1,DE,2019-12-06
DE000C317NT9,DE,2019-12-06
DE000C317NU7,DE,2019-12-06
DE000C317NV5,DE,2019-12-06
DE000C3ZZTK3,DE,2020-03-06
DE000C3ZZTL1,DE,2020-03-06
DE000C3ZZTM9,DE,2020-03-06
DE000C3ZZTN7,DE,2020-03-06
DE000C4E97A8,DE,2020-06-08
DE000C4E97B6,DE,2020-06-08
DE000C4E97C4,DE,2020-06-08
DE000C4E97D2,DE,2020-06-08
DE000C4QFCK8,DE,2020-09-08
DE000C4QFCL6,DE,2020-09-08
DE000C4QFCM4,DE,2020-09-08
DE000C4QFCN2,DE,2020-09-08
DE000C4XT1Z2,DE,2020-12-08
DE000C4XT200,DE,2020-12-08
DE000C4XT218,DE,2020-12-08
DE000C4XT226,DE,2020-12-08
DE000C5GTXB2,DE,2021-03-08
DE000C5GTXC0,DE,2021-03-08
DE000C5GTXD8,DE,2021-03-08
DE000C5GTXE6,DE,2021-03-08
DE000C5RQDA9,DE,2021-06-08
DE000C5RQDB7,DE,2021-06-08
DE000C5RQDC5,DE,2021-06-08
DE000C5RQDD3,DE,2021-06-08
DE000C52GUE9,DE,2021-09-08
DE000C52GUF6,DE,2021-09-08
DE000C52GUG4,DE,2021-09-08
DE000C52GUH2,DE,2021-09-08
DE000C58EEG0,DE,2021-12-08
DE000C58EEH8,DE,2021-12-08
DE000C58EEJ4,DE,2021-12-08
DE000C58EEK2,DE,2021-12-08
DE000C6EBR73,DE,2022-03-08
DE000C6EBR81,DE,2022-03-08
DE000C6EBR99,DE,2022-03-08
DE000C6EBRA7,DE,2022-03-08
DE000C1T6JE8,DE,2022-06-08
DE000C1T6JF5,DE,2022-06-08
DE000C1T6JG3,DE,2022-06-08
DE000C1T6JH1,DE,2022-06-08
DE000C6J0K11,DE,2022-09-08
DE000C6J0K29,DE,2022-09-08
DE000C6J0K37,DE,2022-09-08
DE000C6J0K45,DE,2022-09-08
DE000C6R0452,DE,2022-12-08
DE000C6R0460,DE,2022-12-08
DE000C6R0478,DE,2022-12-08
DE000C6R0494,DE,2022-12-08
DE000C6YTCM4,DE,2023-03-08
DE000C6YTCN2,DE,2023-03-08
DE000C6YTCP7,DE,2023-03-08
DE000C6YTCQ5,DE,2023-03-08
DE000C671E22,DE,2023-06-08
DE000C671E30,DE,2023-06-08
DE000C671E48,DE,2023-06-08
DE000C671E55,DE,2023-06-08
DE000C7F2YA4,DE,2023-09-07
DE000C7F2YB2,DE,2023-09-07
DE000C7F2YC0,DE,2023-09-07
DE000C7F2YD8,DE,2023-09-07
DE000C7PB900,DE,2023-12-07
DE000C7PB918,DE,2023-12-07
DE000C7PB9Y5,DE,2023-12-07
DE000C7PB9Z2,DE,2023-12-07
DE000C7X7UK8,DE,2024-03-07
DE000C7X7UL6,DE,2024-03-07
DE000C7X7UM4,DE,2024-03-07
DE000C7X7UN2,DE,2024-03-07
DE000C75XMU8,DE,2024-06-06
DE000C75XMV6,DE,2024-06-06
DE000C75XMW4,DE,2024-06-06
DE000C75XMX2,DE,2024-06-06
DE000F0FSQN3,DE,2024-09-06
DE000F0FSQP8,DE,2024-09-06
DE000F0FSQQ6,DE,2024-09-06
DE000F0FSQR4,DE,2024-09-06
DE000F0Q7BU6,DE,2024-12-06
DE000F0Q7BV4,DE,2024-12-06
DE000F0Q7BW2,DE,2024-12-06
DE000F0Q7BX0,DE,2024-12-06
DE000F01NAD9,DE,2025-03-06
DE000F01NAE7,DE,2025-03-06
DE000F01NAF4,DE,2025-03-06
DE000F01NAG2,DE,2025-03-06
DE000F1B2NG7,DE,2025-06-06
DE000F1B2NH5,DE,2025-06-06
DE000F1B2NJ1,DE,2025-06-06
DE000F1B2NK9,DE,2025-06-06
DE000F1NGF53,DE,2025-09-08
DE000F1NGF61,DE,2025-09-08
DE000F1NGF79,DE,2025-09-08
DE000F1NGF87,DE,2025-09-08
DE000F1ZLHP8,DE,2025-12-08
DE000F1ZLHQ6,DE,2025-12-08
DE000F1ZLHR4,DE,2025-12-08
DE000F1ZLHS2,DE,2025-12-08
DE000F2MGDC1,DE,2026-03-06
DE000F2MGDD9,DE,2026-03-06
DE000F2MGDE7,DE,2026-03-06
DE000F2MGDF4,DE,2026-03-06
DE000F2Y2E04,DE,2026-06-08
DE000F2Y2E12,DE,2026-06-08
DE000F2Y2EY1,DE,2026-06-08
DE000F2Y2EZ8,DE,2026-06-08
DE000F3A9ET3,DE,2026-09-08
DE000F3A9EU1,DE,2026-09-08
DE000F3A9EV9,DE,2026-09-08
DE000F3A9EW7,DE,2026-09-08
DE000F2HLQG4,DE,2026-12-08
DE000F2HLQH2,DE,2026-12-08
DE000F2HLQJ8,DE,2026-12-08
DE000F2HLQK6,DE,2026-12-08
DE000F3VQC94,DE,2027-03-08
DE000F3VQDA3,DE,2027-03-08
DE000F3VQDB1,DE,2027-03-08
DE000F3VQDC9,DE,2027-03-08
DE000C01YS98,ES,2018-03-08
DE000C09L5C0,ES,2018-06-07
DE000C1J3KS5,ES,2018-09-06
DE000C16GSM1,ES,2018-12-06
DE000C2E8RU9,ES,2019-03-07
DE000C2NJHF0,ES,2019-06-06
DE000C220MK6,ES,2019-09-06
DE000C317NN2,ES,2019-12-06
DE000C3ZZTF3,ES,2020-03-06
DE000C4E9765,ES,2020-06-08
DE000C4QFCF8,ES,2020-09-08
DE000C4XT1V1,ES,2020-12-08
DE000C5GTX74,ES,2021-03-08
DE000C5RQD60,ES,2021-06-08
DE000C52GUA7,ES,2021-09-08
DE000C58EEC9,ES,2021-12-08
DE000C6EBR32,ES,2022-03-08
DE000C1T6JA6,ES,2022-06-08
DE000C6J0JY6,ES,2022-09-08
DE000C6R0403,ES,2022-12-08
DE000C6YTCH4,ES,2023-03-08
DE000C671EZ5,ES,2023-06-08
DE000C7F2X77,ES,2023-09-07
DE000C7PB9U3,ES,2023-12-07
DE000C7X7UF8,ES,2024-03-07
DE000C75XMQ6,ES,2024-06-06
DE000F0FSQJ1,ES,2024-09-06
DE000F0Q7BP6,ES,2024-12-06
DE000F01M991,ES,2025-03-06
DE000F1B2NB8,ES,2025-06-06
DE000F1NGF20,ES,2025-09-08
DE000F1ZLHL7,ES,2025-12-08
DE000F2MGC80,ES,2026-03-06
DE000F2Y2ET1,ES,2026-06-08
DE000F3A9EP1,ES,2026-09-08
DE000F2HLQC3,ES,2026-12-08
DE000F3VQC52,ES,2027-03-08
DE000C01YSH6,FR,2018-03-08
DE000C01YSJ2,FR,2018-03-08
DE000C09L5L1,FR,2018-06-07
DE000C09L5M9,FR,2018-06-07
DE000C1J3L00,FR,2018-09-06
DE000C1J3L18,FR,2018-09-06
DE000C16GSV2,FR,2018-12-06
DE000C16GSW0,FR,2018-12-06
DE000C2E8S23,FR,2019-03-07
DE000C2E8S31,FR,2019-03-07
DE000C2NJHP9,FR,2019-06-06
DE000C2NJHQ7,FR,2019-06-06
DE000C220MT7,FR,2019-09-06
DE000C220MU5,FR,2019-09-06
DE000C317NW3,FR,2019-12-06
DE000C317NX1,FR,2019-12-06
DE000C3ZZTP2,FR,2020-03-06
DE000C3ZZTQ0,FR,2020-03-06
DE000C4E97E0,FR,2020-06-08
DE000C4E97F7,FR,2020-06-08
DE000C4QFCP7,FR,2020-09-08
DE000C4QFCQ5,FR,2020-09-08
DE000C4XT234,FR,2020-12-08
DE000C4XT242,FR,2020-12-08
DE000C5GTXF3,FR,2021-03-08
DE000C5GTXG1,FR,2021-03-08
DE000C5RQDE1,FR,2021-06-08
DE000C5RQDF8,FR,2021-06-08
DE000C52GUJ8,FR,2021-09-08
DE000C52GUK6,FR,2021-09-08
DE000C58EEL0,FR,2021-12-08
DE000C58EEM8,FR,2021-12-08
DE000C6EBRB5,FR,2022-03-08
DE000C6EBRC3,FR,2022-03-08
DE000C1T6JJ7,FR,2022-06-08
DE000C1T6JK5,FR,2022-06-08
DE000C6J0K52,FR,2022-09-08
DE000C6J0K60,FR,2022-09-08
DE000C6R0486,FR,2022-12-08
DE000C6R05A8,FR,2022-12-08
DE000C6YTCR3,FR,2023-03-08
DE000C6YTCS1,FR,2023-03-08
DE000C671E63,FR,2023-06-08
DE000C671E71,FR,2023-06-08
DE000C7F2YE6,FR,2023-09-07
DE000C7F2YF3,FR,2023-09-07
DE000C7PB926,FR,2023-12-07
DE000C7PB934,FR,2023-12-07
DE000C7X7UP7,FR,2024-03-07
DE000C7X7UQ5,FR,2024-03-07
DE000C75XMY0,FR,2024-06-06
DE000C75XMZ7,FR,2024-06-06
DE000F0FSQS2,FR,2024-09-06
DE000F0FSQT0,FR,2024-09-06
DE000F0Q7BY8,FR,2024-12-06
DE000F0Q7BZ5,FR,2024-12-06
DE000F01NAH0,FR,2025-03-06
DE000F01NAJ6,FR,2025-03-06
DE000F1B2NL7,FR,2025-06-06
DE000F1B2NM5,FR,2025-06-06
DE000F1NGF95,FR,2025-09-08
DE000F1NGGA8,FR,2025-09-08
DE000F1ZLHT0,FR,2025-12-08
DE000F1ZLHU8,FR,2025-12-08
DE000F2MGDG2,FR,2026-03-06
DE000F2MGDH0,FR,2026-03-06
DE000F2Y2E20,FR,2026-06-08
DE000F2Y2E38,FR,2026-06-08
DE000F3A9EX5,FR,2026-09-08
DE000F3A9EY3,FR,2026-09-08
DE000F2HLQL4,FR,2026-12-08
DE000F2HLQM2,FR,2026-12-08
DE000F3VQDD7,FR,2027-03-08
DE000F3VQDE5,FR,2027-03-08
DE000C01YSA1,IT,2018-03-08
DE000C01YSB9,IT,2018-03-08
DE000C01YSC7,IT,2018-03-08
DE000C09L5D8,IT,2018-06-07
DE000C09L5E6,IT,2018-06-07
DE000C09L5F3,IT,2018-06-07
DE000C1J3KT3,IT,2018-09-06
DE000C1J3KU1,IT,2018-09-06
DE000C1J3KV9,IT,2018-09-06
DE000C16GSN9,IT,2018-12-06
DE000C16GSP4,IT,2018-12-06
DE000C16GSQ2,IT,2018-12-06
DE000C2E8RV7,IT,2019-03-07
DE000C2E8RW5,IT,2019-03-07
DE000C2E8RX3,IT,2019-03-07
DE000C2NJHG8,IT,2019-06-06
DE000C2NJHH6,IT,2019-06-06
DE000C2NJHJ2,IT,2019-06-06
DE000C220ML4,IT,2019-09-06
DE000C220MM2,IT,2019-09-06
DE000C220MN0,IT,2019-09-06
DE000C317NP7,IT,2019-12-06
DE000C317NQ5,IT,2019-12-06
DE000C317NR3,IT,2019-12-06
DE000C3ZZTG1,IT,2020-03-06
DE000C3ZZTH9,IT,2020-03-06
DE000C3ZZTJ5,IT,2020-03-06
DE000C4E9773,IT,2020-06-08
DE000C4E9781,IT,2020-06-08
DE000C4E9799,IT,2020-06-08
DE000C4QFCG6,IT,2020-09-08
DE000C4QFCH4,IT,2020-09-08
DE000C4QFCJ0,IT,2020-09-08
DE000C4XT1W9,IT,2020-12-08
DE000C4XT1X7,IT,2020-12-08
DE000C4XT1Y5,IT,2020-12-08
DE000C5GTX82,IT,2021-03-08
DE000C5GTX90,IT,2021-03-08
DE000C5GTXA4,IT,2021-03-08
DE000C5RQD78,IT,2021-06-08
DE000C5RQD86,IT,2021-06-08
DE000C5RQD94,IT,2021-06-08
DE000C52GUB5,IT,2021-09-08
DE000C52GUC3,IT,2021-09-08
DE000C52GUD1,IT,2021-09-08
DE000C58EED7,IT,2021-12-08
DE000C58EEE5,IT,2021-12-08
DE000C58EEF2,IT,2021-12-08
DE000C6EBR40,IT,2022-03-08
DE000C6EBR57,IT,2022-03-08
DE000C6EBR65,IT,2022-03-08
DE000C1T6JB4,IT,2022-06-08
DE000C1T6JC2,IT,2022-06-08
DE000C1T6JD0,IT,2022-06-08
DE000C6J0JW0,IT,2022-09-08
DE000C6J0JZ3,IT,2022-09-08
DE000C6J0K03,IT,2022-09-08
DE000C6R0411,IT,2022-12-08
DE000C6R0437,IT,2022-12-08
DE000C6R04X3,IT,2022-12-08
DE000C6YTCG6,IT,2023-03-08
DE000C6YTCK8,IT,2023-03-08
DE000C6YTCL6,IT,2023-03-08
DE000C671E06,IT,2023-06-08
DE000C671E14,IT,2023-06-08
DE000C671EX0,IT,2023-06-08
DE000C7F2X69,IT,2023-09-07
DE000C7F2X85,IT,2023-09-07
DE000C7F2X93,IT,2023-09-07
DE000C7PB9V1,IT,2023-12-07
DE000C7PB9W9,IT,2023-12-07
DE000C7PB9X7,IT,2023-12-07
DE000C7X7UE1,IT,2024-03-07
DE000C7X7UH4,IT,2024-03-07
DE000C7X7UJ0,IT,2024-03-07
DE000C75XMR4,IT,2024-06-06
DE000C75XMS2,IT,2024-06-06
DE000C75XMT0,IT,2024-06-06
DE000F0FSQH5,IT,2024-09-06
DE000F0FSQL7,IT,2024-09-06
DE000F0FSQM5,IT,2024-09-06
DE000F0Q7BQ4,IT,2024-12-06
DE000F0Q7BS0,IT,2024-12-06
DE000F0Q7BT8,IT,2024-12-06
DE000F01NAA5,IT,2025-03-06
DE000F01NAB3,IT,2025-03-06
DE000F01NAC1,IT,2025-03-06
DE000F1B2ND4,IT,2025-06-06
DE000F1B2NE2,IT,2025-06-06
DE000F1B2NF9,IT,2025-06-06
DE000F1NGF12,IT,2025-09-08
DE000F1NGF38,IT,2025-09-08
DE000F1NGF46,IT,2025-09-08
DE000F1ZLHJ1,IT,2025-12-08
DE000F1ZLHM5,IT,2025-12-08
DE000F1ZLHN3,IT,2025-12-08
DE000F2MGC72,IT,2026-03-06
DE000F2MGDA5,IT,2026-03-06
DE000F2MGDB3,IT,2026-03-06
DE000F2Y2EV7,IT,2026-06-08
DE000F2Y2EW5,IT,2026-06-08
DE000F2Y2EX3,IT,2026-06-08
DE000F3A9EQ9,IT,2026-09-08
DE000F3A9ER7,IT,2026-09-08
DE000F3A9ES5,IT,2026-09-08
DE000F2HLQD1,IT,2026-12-08
DE000F2HLQE9,IT,2026-12-08
DE000F2HLQF6,IT,2026-12-08
DE000F3VQC60,IT,2027-03-08
DE000F3VQC78,IT,2027-03-08
DE000F3VQC86,IT,2027-03-08
